{
    "results": {
        "tool": {
            "name": "pytest",
            "version": "8.4.1"
        },
        "summary": {
            "tests": 2,
            "passed": 2,
            "failed": 0,
            "skipped": 0,
            "pending": 0,
            "other": 0,
            "start": 1784358149.3510025,
            "stop": 1784358149.3609753
        },
        "tests": [
            {
                "name": "test_outputs.py::test_report_exists",
                "status": "passed",
                "duration": 0.0006074579999335583,
                "start": 1784358149.3588047,
                "stop": 1784358149.3596416,
                "retries": 0,
                "file_path": "test_outputs.py"
            },
            {
                "name": "test_outputs.py::test_report_matches_expected",
                "status": "passed",
                "duration": 0.0007484169999543155,
                "start": 1784358149.3598936,
                "stop": 1784358149.3607926,
                "retries": 0,
                "file_path": "test_outputs.py"
            }
        ]
    }
}